<BloxstrapCustomBootstrapper Version="1" Height="320" Width="520" IgnoreTitleBarInset="True" Theme="Default" Margin="30">
	<TitleBar Title="Matcha External | Bloxstrap" ShowMinimize="False" ShowClose="False" />

	<BloxstrapCustomBootstrapper.Background>
		<LinearGradientBrush StartPoint="0,0" EndPoint="0,1">
			<GradientStop Color="#ffc9f2" Offset="0" /> <!-- Light Matcha Green -->
			<GradientStop Color="#f9a6ff" Offset="1" /> <!-- Beige -->
		</LinearGradientBrush>
	</BloxstrapCustomBootstrapper.Background>

	<Image Source="file://C:/matcha.ico" Height="130" Width="200" HorizontalAlignment="Center" Margin="0,15,0,0" />
	<TextBlock HorizontalAlignment="Center" Name="StatusText" FontSize="20" Margin="0,170,0,0" />
	<ProgressBar Width="450" Height="12" Name="PrimaryProgressBar" HorizontalAlignment="Center" Margin="0,200,0,0" />
	<Button Content="{Common.Cancel}" Name="CancelButton" HorizontalAlignment="Center" Margin="0,225,0,0" Height="30" Width="100" />
</BloxstrapCustomBootstrapper>
